{
    "01": 15.143112701252235,
    "02": 6.529516994633274,
    "03": 7.78175313059034,
    "04": 6.726296958855098,
    "05": 8.264758497316636,
    "06": 5.375670840787119,
    "07": 0.48300536672629696,
    "08": 0.9302325581395349,
    "09": 8.908765652951699,
    "10": 8.121645796064401,
    "11": 10.661896243291592,
    "12": 21.073345259391772
}